index,fullpathname,classname,loc,numAttr,numMethod,setters,getters,isPersist,isCollection,numWordName,isOrEr,isController,numIfs,numParameters,numImports,numOutboundInvocation,isStaticClass,isInterface,isInnerClass,isClass,isEnum,classPublicity,numPublicMethods,numPrivateMethods,numProtectedMethods,isAbstract,pred_label
5,\wallet\src\de\schildbach\wallet\Constants.Files.java,Files,51,12,0,0,0,False,False,1,False,False,0,0,4,2,True,False,True,True,False,public,0,0,0,False,Information Holder
6,\wallet\src\de\schildbach\wallet\Configuration.java,Configuration,237,29,36,4,20,False,False,1,False,False,7,12,14,18,False,False,False,True,False,public,35,1,0,False,Information Holder
7,\wallet\src\de\schildbach\wallet\Constants.java,Constants,125,50,0,0,0,False,False,1,False,False,0,0,15,9,False,False,False,True,False,public,0,0,0,False,Information Holder
8,\wallet\src\de\schildbach\wallet\WalletBalanceWidgetProvider.java,WalletBalanceWidgetProvider,155,1,6,0,1,False,False,4,True,False,6,20,30,16,False,False,False,True,False,public,3,3,0,False,Interfacer
9,\wallet\src\de\schildbach\wallet\WalletApplication.java,WalletApplication,393,13,27,0,2,False,False,2,False,False,14,8,45,64,False,False,False,True,False,public,20,7,0,False,Interfacer
10,\wallet\src\de\schildbach\wallet\util\Base43.java,Base43,125,2,5,0,0,False,False,1,False,False,6,9,1,5,False,False,False,True,False,public,2,3,0,False,Service Provider
11,\wallet\src\de\schildbach\wallet\util\BitmapFragment.java,BitmapFragment,68,3,4,0,0,False,False,2,False,False,0,5,10,2,False,False,False,True,False,public,3,1,0,False,Coordinator
12,\wallet\src\de\schildbach\wallet\util\Bluetooth.java,Bluetooth,95,7,7,0,3,False,False,1,False,False,9,7,4,5,False,False,False,True,False,public,7,0,0,False,Information Holder
13,\wallet\src\de\schildbach\wallet\util\CheatSheet.java,CheatSheet,138,1,5,3,0,False,False,2,False,False,2,8,6,12,False,False,False,True,False,public,4,1,0,False,Service Provider
14,\wallet\src\de\schildbach\wallet\util\CircularProgressView.java,CircularProgressView,125,9,10,5,1,False,False,3,False,False,3,15,10,4,False,False,False,True,False,public,6,1,3,False,Interfacer
15,\wallet\src\de\schildbach\wallet\util\CrashReporter.ExceptionHandler.java,ExceptionHandler,47,1,2,0,0,False,False,2,True,False,0,3,5,1,True,False,True,True,False,private,1,1,0,False,Service Provider
16,\wallet\src\de\schildbach\wallet\util\CrashReporter.java,CrashReporter,264,6,13,0,0,False,False,2,True,False,7,18,37,43,False,False,False,True,False,public,9,4,0,False,Service Provider
17,\wallet\src\de\schildbach\wallet\util\Crypto.java,Crypto,264,12,8,0,1,False,False,1,False,False,4,16,20,6,False,False,False,True,False,public,4,4,0,False,Service Provider
18,\wallet\src\de\schildbach\wallet\util\FileAttachmentProvider.java,FileAttachmentProvider,91,0,8,0,1,False,False,3,True,False,5,19,10,10,False,False,False,True,False,public,8,0,0,False,Service Provider
19,\wallet\src\de\schildbach\wallet\util\Formats.java,Formats,48,5,1,0,0,False,False,1,False,False,2,1,4,2,False,False,False,True,False,public,1,0,0,False,Service Provider
20,\wallet\src\de\schildbach\wallet\util\GenericUtils.java,GenericUtils,34,0,2,0,0,False,False,2,False,False,0,3,1,2,False,False,False,True,False,public,2,0,0,False,Service Provider
21,\wallet\src\de\schildbach\wallet\util\HttpGetThread.java,HttpGetThread,63,3,1,0,0,False,False,3,False,False,2,0,9,8,False,False,False,True,False,public,1,0,0,True,Coordinator
22,\wallet\src\de\schildbach\wallet\util\Io.java,Io,52,0,3,0,0,False,False,1,False,False,1,7,4,0,False,False,False,True,False,public,3,0,0,False,Service Provider
23,\wallet\src\de\schildbach\wallet\util\Iso8601Format.java,Iso8601Format,58,1,8,0,0,False,False,2,False,False,0,4,6,0,False,False,False,True,False,public,8,0,0,False,Service Provider
24,\wallet\src\de\schildbach\wallet\util\MonetarySpannable.java,MonetarySpannable,95,4,3,0,0,False,False,2,False,False,12,9,11,2,False,False,False,True,False,public,2,1,0,False,Service Provider
25,\wallet\src\de\schildbach\wallet\util\Nfc.java,Nfc,41,0,2,0,0,False,False,1,False,False,1,4,5,3,False,False,False,True,False,public,2,0,0,False,Service Provider
26,\wallet\src\de\schildbach\wallet\util\Qr.java,Qr,101,2,5,0,0,False,False,1,False,False,1,6,17,8,False,False,False,True,False,public,5,0,0,False,Service Provider
27,\wallet\src\de\schildbach\wallet\util\ThrottlingWalletChangeListener.java,ThrottlingWalletChangeListener,103,9,6,0,0,False,False,4,True,False,6,12,11,3,False,False,False,True,False,public,6,0,0,True,Service Provider
28,\wallet\src\de\schildbach\wallet\util\Toast.java,Toast,45,1,6,0,0,False,False,1,False,False,0,11,1,1,False,False,False,True,False,public,4,2,0,False,Service Provider
29,\wallet\src\de\schildbach\wallet\util\ViewPagerTabs.java,ViewPagerTabs,155,6,9,0,1,False,False,3,False,False,4,10,14,10,False,False,False,True,False,public,6,0,3,False,Interfacer
30,\wallet\src\de\schildbach\wallet\util\WholeStringBuilder.java,WholeStringBuilder,32,0,1,0,0,False,False,3,True,False,0,1,3,1,False,False,False,True,False,public,1,0,0,False,Service Provider
31,\wallet\src\de\schildbach\wallet\util\WalletUtils.java,WalletUtils,276,2,16,0,2,False,False,2,False,False,13,35,38,33,False,False,False,True,False,public,16,0,0,False,Service Provider
32,\wallet\src\de\schildbach\wallet\ui\AbstractBindServiceActivity.java,AbstractBindServiceActivity,55,2,3,0,1,False,False,4,False,False,0,0,8,3,False,False,False,True,False,public,0,0,3,True,Information Holder
33,\wallet\src\de\schildbach\wallet\ui\AbstractWalletActivity.java,AbstractWalletActivity,42,2,2,0,1,False,False,3,False,False,1,1,8,0,False,False,False,True,False,public,0,0,2,True,Service Provider
34,\wallet\src\de\schildbach\wallet\ui\AddressAndLabel.java,AddressAndLabel,77,3,4,0,0,False,False,3,False,False,2,3,9,5,False,False,False,True,False,public,4,0,0,False,Coordinator
35,\wallet\src\de\schildbach\wallet\ui\AddressBookActivity.TwoFragmentAdapter.java,TwoFragmentAdapter,86,5,6,1,1,False,False,3,True,False,6,11,6,5,True,False,True,True,False,private,6,0,0,False,Information Holder
36,\wallet\src\de\schildbach\wallet\ui\AddressBookActivity.java,AddressBookActivity,108,4,4,0,0,False,False,3,False,False,5,3,18,11,False,False,False,True,False,public,2,0,1,False,Interfacer
37,\wallet\src\de\schildbach\wallet\ui\ArchiveBackupDialogFragment.java,ArchiveBackupDialogFragment,98,4,5,0,0,False,False,4,False,False,1,6,16,7,False,False,False,True,False,public,3,2,0,False,Interfacer
38,\wallet\src\de\schildbach\wallet\ui\BlockListAdapter.BlockViewHolder.java,BlockViewHolder,45,7,0,0,0,False,False,3,True,False,0,0,6,0,True,False,True,True,False,public,0,0,0,False,Information Holder
39,\wallet\src\de\schildbach\wallet\ui\BlockListAdapter.OnClickListener.java,OnClickListener,25,0,0,0,0,False,False,3,True,False,0,0,2,0,False,True,True,False,False,public,0,0,0,False,Service Provider
40,\wallet\src\de\schildbach\wallet\ui\BackupWalletDialogFragment.java,BackupWalletDialogFragment,231,12,9,0,0,False,False,4,False,False,6,5,40,33,False,False,False,True,False,public,4,5,0,False,Interfacer
41,\wallet\src\de\schildbach\wallet\ui\BlockListFragment.BlockLoader.java,BlockLoader,65,3,3,0,0,False,False,2,True,False,0,0,10,4,True,False,True,True,False,private,1,0,2,False,Service Provider
42,\wallet\src\de\schildbach\wallet\ui\BlockListAdapter.java,BlockListAdapter,195,11,13,1,3,False,True,3,True,False,9,13,25,20,False,False,False,True,False,public,13,0,0,False,Structurer
43,\wallet\src\de\schildbach\wallet\ui\BlockListFragment.TransactionsLoader.java,TransactionsLoader,48,1,1,0,0,False,False,2,True,False,1,0,9,3,True,False,True,True,False,private,1,0,0,False,Service Provider
44,\wallet\src\de\schildbach\wallet\ui\CurrencyAmountView.Listener.java,Listener,24,0,0,0,0,False,False,1,True,False,0,0,0,0,True,True,True,False,False,public,0,0,0,False,Service Provider
45,\wallet\src\de\schildbach\wallet\ui\BlockListFragment.java,BlockListFragment,197,18,8,0,0,False,False,3,False,False,3,8,35,22,False,False,False,True,False,public,8,0,0,False,Interfacer
46,\wallet\src\de\schildbach\wallet\ui\CurrencyAmountView.TextViewListener.java,TextViewListener,62,1,5,1,0,False,False,3,True,False,5,12,5,3,False,False,True,True,False,private,5,0,0,False,Service Provider
47,\wallet\src\de\schildbach\wallet\ui\CurrencyAmountView.java,CurrencyAmountView,256,15,21,13,2,False,False,3,False,False,12,18,23,24,False,False,False,True,False,public,15,3,3,False,Interfacer
48,\wallet\src\de\schildbach\wallet\ui\CurrencyCalculatorLink.java,CurrencyCalculatorLink,170,8,13,6,3,False,False,3,False,False,15,6,7,15,False,False,False,True,False,public,12,1,0,False,Information Holder
49,\wallet\src\de\schildbach\wallet\ui\CurrencySymbolDrawable.java,CurrencySymbolDrawable,55,3,5,2,2,False,False,3,False,False,0,3,5,0,False,False,False,True,False,public,5,0,0,False,Information Holder
50,\wallet\src\de\schildbach\wallet\ui\CurrencyTextView.java,CurrencyTextView,100,7,9,7,0,False,False,3,False,False,3,7,12,1,False,False,False,True,False,public,7,1,1,False,Interfacer
51,\wallet\src\de\schildbach\wallet\ui\DialogBuilder.java,DialogBuilder,97,3,8,6,0,False,False,2,True,False,4,9,11,0,False,False,False,True,False,public,8,0,0,False,Service Provider
52,\wallet\src\de\schildbach\wallet\ui\DividerItemDecoration.java,DividerItemDecoration,82,5,5,1,1,False,False,3,False,False,3,10,8,15,False,False,False,True,False,public,5,0,0,False,Interfacer
53,\wallet\src\de\schildbach\wallet\ui\EncryptKeysDialogFragment.State.java,State,23,3,0,0,0,False,False,1,False,False,0,0,0,0,False,False,True,False,True,private,0,0,0,False,Information Holder
54,\wallet\src\de\schildbach\wallet\ui\EditAddressBookEntryFragment.java,EditAddressBookEntryFragment,129,6,6,0,0,False,False,5,False,False,5,11,20,13,False,False,False,True,False,public,5,1,0,False,Interfacer
55,\wallet\src\de\schildbach\wallet\ui\ExchangeRatesActivity.java,ExchangeRatesActivity,39,0,2,0,0,False,False,3,False,False,1,2,3,1,False,False,False,True,False,public,1,0,1,False,Service Provider
56,\wallet\src\de\schildbach\wallet\ui\ExchangeRatesFragment.ExchangeRateViewHolder.java,ExchangeRateViewHolder,40,5,0,0,0,False,False,4,True,False,0,0,5,0,False,False,True,True,False,private,0,0,0,False,Information Holder
57,\wallet\src\de\schildbach\wallet\ui\EncryptKeysDialogFragment.java,EncryptKeysDialogFragment,279,18,10,0,0,False,False,4,False,False,9,5,31,35,False,False,False,True,False,public,7,3,0,False,Interfacer
58,\wallet\src\de\schildbach\wallet\ui\ExchangeRatesFragment.ExchangeRatesAdapter.java,ExchangeRatesAdapter,134,6,10,5,3,False,False,3,True,False,4,10,16,11,False,False,True,True,False,private,10,0,0,False,Structurer
59,\wallet\src\de\schildbach\wallet\ui\FancyListFragment.java,FancyListFragment,39,0,2,1,0,False,False,3,False,False,0,4,7,0,False,False,False,True,False,public,2,0,0,False,Interfacer
60,\wallet\src\de\schildbach\wallet\ui\ExchangeRatesFragment.java,ExchangeRatesFragment,210,17,8,0,0,False,False,3,False,False,6,9,33,25,False,False,False,True,False,public,8,0,0,False,Interfacer
61,\wallet\src\de\schildbach\wallet\ui\FileAdapter.java,FileAdapter,52,2,2,1,1,False,False,2,True,False,1,4,9,1,False,False,False,True,False,public,2,0,0,True,Structurer
62,\wallet\src\de\schildbach\wallet\ui\HelpDialogFragment.java,HelpDialogFragment,56,3,4,0,0,False,False,3,False,False,0,5,6,2,False,False,False,True,False,public,3,1,0,False,Coordinator
63,\wallet\src\de\schildbach\wallet\ui\ImportDialogButtonEnablerListener.java,ImportDialogButtonEnablerListener,69,2,8,0,0,False,False,5,True,False,0,14,9,1,False,False,False,True,False,public,6,0,2,False,Service Provider
64,\wallet\src\de\schildbach\wallet\ui\InputParser.BinaryInputParser.java,BinaryInputParser,62,2,2,0,0,False,False,3,True,False,1,1,6,3,True,False,True,True,False,public,1,0,1,True,Service Provider
65,\wallet\src\de\schildbach\wallet\ui\InputParser.StreamInputParser.java,StreamInputParser,75,2,2,0,0,False,False,3,True,False,2,1,9,8,True,False,True,True,False,public,1,0,1,True,Service Provider
66,\wallet\src\de\schildbach\wallet\ui\InputParser.StringInputParser.java,StringInputParser,116,1,2,0,0,False,False,3,True,False,2,1,15,13,True,False,True,True,False,public,1,0,1,True,Service Provider
67,\wallet\src\de\schildbach\wallet\ui\InputParser.java,InputParser,133,6,4,0,0,False,False,2,True,False,6,8,27,16,False,False,False,True,False,public,1,0,3,True,Service Provider
68,\wallet\src\de\schildbach\wallet\ui\MaybeMaintenanceFragment.java,MaybeMaintenanceFragment,94,5,6,0,0,False,False,3,False,False,2,3,18,9,False,False,False,True,False,public,5,1,0,False,Interfacer
69,\wallet\src\de\schildbach\wallet\ui\NetworkMonitorActivity.PagerAdapter.java,PagerAdapter,39,0,2,0,2,False,False,2,True,False,1,1,3,0,False,False,True,True,False,private,2,0,0,False,Information Holder
70,\wallet\src\de\schildbach\wallet\ui\NetworkMonitorActivity.java,NetworkMonitorActivity,60,2,2,0,0,False,False,3,False,False,2,2,6,1,False,False,False,True,False,public,1,0,1,False,Coordinator
71,\wallet\src\de\schildbach\wallet\ui\PeerListFragment.PeerLoader.java,PeerLoader,64,3,3,0,0,False,False,2,True,False,0,0,10,5,True,False,True,True,False,private,1,0,2,False,Service Provider
72,\wallet\src\de\schildbach\wallet\ui\PeerListFragment.PeerViewAdapter.java,PeerViewAdapter,81,2,7,0,3,False,False,3,True,False,0,7,10,10,False,False,True,True,False,private,7,0,0,False,Information Holder
73,\wallet\src\de\schildbach\wallet\ui\PeerListFragment.PeerViewHolder.java,PeerViewHolder,39,5,0,0,0,False,False,3,True,False,0,0,4,0,True,False,True,True,False,private,0,0,0,False,Information Holder
74,\wallet\src\de\schildbach\wallet\ui\PeerListFragment.ReverseDnsLoader.java,ReverseDnsLoader,34,1,1,0,0,False,False,3,True,False,0,0,3,1,True,False,True,True,False,private,1,0,0,False,Information Holder
75,\wallet\src\de\schildbach\wallet\ui\PeerListFragment.java,PeerListFragment,176,15,7,0,0,False,False,3,False,False,3,6,29,15,False,False,False,True,False,public,7,0,0,False,Interfacer
76,\wallet\src\de\schildbach\wallet\ui\ProgressDialogFragment.java,ProgressDialogFragment,62,3,6,0,0,False,False,3,False,False,0,7,6,2,False,False,False,True,False,public,5,1,0,False,Coordinator
77,\wallet\src\de\schildbach\wallet\ui\RequestCoinsActivity.java,RequestCoinsActivity,53,0,4,0,0,False,False,3,False,False,1,3,5,2,False,False,False,True,False,public,3,0,1,False,Service Provider
78,\wallet\src\de\schildbach\wallet\ui\ReportIssueDialogBuilder.java,ReportIssueDialogBuilder,203,7,2,0,0,False,False,4,True,False,10,5,29,25,False,False,False,True,False,public,1,1,0,True,Service Provider
79,\wallet\src\de\schildbach\wallet\ui\RestoreWalletActivity.FinishListener.java,FinishListener,31,0,2,0,0,False,False,2,True,False,0,3,1,0,False,False,True,True,False,private,2,0,0,False,Service Provider
80,\wallet\src\de\schildbach\wallet\ui\RequestCoinsFragment.java,RequestCoinsFragment,363,21,22,0,0,False,False,3,False,False,16,19,59,41,False,False,False,True,False,public,12,10,0,False,Interfacer
81,\wallet\src\de\schildbach\wallet\ui\ScanActivity.AutoFocusRunnable.java,AutoFocusRunnable,42,2,1,0,0,False,False,3,False,False,0,0,1,1,False,False,True,True,False,private,1,0,0,False,Service Provider
82,\wallet\src\de\schildbach\wallet\ui\RestoreWalletActivity.java,RestoreWalletActivity,176,7,7,0,0,False,False,3,False,False,2,8,27,18,False,False,False,True,False,public,0,4,3,False,Interfacer
83,\wallet\src\de\schildbach\wallet\ui\ScanActivity.WarnDialogFragment.java,WarnDialogFragment,52,0,3,0,0,False,False,3,False,False,0,4,5,5,True,False,True,True,False,public,3,0,0,False,Service Provider
84,\wallet\src\de\schildbach\wallet\ui\ScanActivity.java,ScanActivity,290,15,15,0,0,False,False,2,False,False,7,15,40,23,False,False,False,True,False,public,10,2,3,False,Interfacer
85,\wallet\src\de\schildbach\wallet\ui\ScannerView.java,ScannerView,127,13,4,2,0,False,False,2,False,False,3,8,16,12,False,False,False,True,False,public,4,0,0,False,Interfacer
86,\wallet\src\de\schildbach\wallet\ui\SendCoinsQrActivity.java,SendCoinsQrActivity,78,1,2,0,0,False,False,4,False,False,2,4,13,5,False,False,False,True,False,public,1,0,1,False,Interfacer
87,\wallet\src\de\schildbach\wallet\ui\ShowPasswordCheckListener.java,ShowPasswordCheckListener,37,1,1,0,0,False,False,4,True,False,0,2,5,1,False,False,False,True,False,public,1,0,0,False,Service Provider
88,\wallet\src\de\schildbach\wallet\ui\TransactionsAdapter.OnClickListener.java,OnClickListener,26,0,0,0,0,False,False,3,True,False,0,0,2,0,False,True,True,False,False,public,0,0,0,False,Service Provider
89,\wallet\src\de\schildbach\wallet\ui\TransactionsAdapter.TransactionCacheEntry.java,TransactionCacheEntry,42,6,0,0,0,False,False,3,False,False,0,0,3,0,True,False,True,True,False,private,0,0,0,False,Information Holder
90,\wallet\src\de\schildbach\wallet\ui\SendingAddressesFragment.java,SendingAddressesFragment,333,9,22,1,1,False,False,3,False,False,12,24,47,47,False,False,False,True,False,public,15,7,0,False,Interfacer
91,\wallet\src\de\schildbach\wallet\ui\TransactionsAdapter.Warning.java,Warning,23,2,0,0,0,False,False,1,False,False,0,0,0,0,False,False,True,False,True,public,0,0,0,False,Information Holder
92,\wallet\src\de\schildbach\wallet\ui\TransactionsAdapter.WarningViewHolder.java,WarningViewHolder,39,1,0,0,0,False,False,3,True,False,1,0,4,2,False,False,True,True,False,private,0,0,0,False,Information Holder
93,\wallet\src\de\schildbach\wallet\ui\TransactionsAdapter.TransactionViewHolder.java,TransactionViewHolder,312,15,1,0,0,False,False,3,True,False,11,1,25,39,False,False,True,True,False,private,0,1,0,False,Service Provider
94,\wallet\src\de\schildbach\wallet\ui\WalletActionsFragment.java,WalletActionsFragment,79,1,4,0,0,False,False,3,False,False,0,4,11,8,False,False,False,True,False,public,3,1,0,False,Coordinator
95,\wallet\src\de\schildbach\wallet\ui\TransactionsAdapter.java,TransactionsAdapter,207,23,13,3,3,False,False,2,True,False,11,12,20,12,False,False,False,True,False,public,13,0,0,False,Structurer
96,\wallet\src\de\schildbach\wallet\ui\WalletAddressDialogFragment.java,WalletAddressDialogFragment,106,5,4,0,0,False,False,4,False,False,1,7,20,4,False,False,False,True,False,public,3,1,0,False,Interfacer
97,\wallet\src\de\schildbach\wallet\ui\WalletAddressFragment.CurrentAddressLoader.java,CurrentAddressLoader,112,7,5,0,0,False,False,3,True,False,1,0,18,8,True,False,True,True,False,public,1,1,3,False,Service Provider
98,\wallet\src\de\schildbach\wallet\ui\WalletAddressFragment.java,WalletAddressFragment,137,11,8,0,0,False,False,3,False,False,3,6,26,12,False,False,False,True,False,public,6,2,0,False,Interfacer
99,\wallet\src\de\schildbach\wallet\ui\WalletAddressesAdapter.java,WalletAddressesAdapter,143,8,11,0,6,False,False,3,True,False,7,11,17,10,False,False,False,True,False,public,9,2,0,False,Structurer
100,\wallet\src\de\schildbach\wallet\ui\WalletActivity.java,WalletActivity,718,13,31,0,0,False,False,2,False,False,34,23,68,75,False,False,False,True,False,public,11,14,6,False,Interfacer
101,\wallet\src\de\schildbach\wallet\ui\WalletAddressesFragment.java,WalletAddressesFragment,214,11,8,0,0,False,False,3,False,False,4,10,39,28,False,False,False,True,False,public,7,1,0,False,Interfacer
102,\wallet\src\de\schildbach\wallet\ui\WalletBalanceLoader.java,WalletBalanceLoader,98,5,5,0,0,False,False,3,True,False,0,0,16,7,False,False,False,True,False,public,1,1,3,False,Service Provider
103,\wallet\src\de\schildbach\wallet\ui\WalletBalanceFragment.java,WalletBalanceFragment,265,24,11,0,0,False,False,3,False,False,11,11,31,20,False,False,False,True,False,public,9,2,0,False,Interfacer
104,\wallet\src\de\schildbach\wallet\ui\WalletTransactionsFragment.Direction.java,Direction,23,2,0,0,0,False,False,1,False,False,0,0,0,0,False,False,True,False,True,public,0,0,0,False,Information Holder
105,\wallet\src\de\schildbach\wallet\ui\WalletDisclaimerFragment.java,WalletDisclaimerFragment,131,7,6,0,0,False,False,3,False,False,7,6,25,11,False,False,False,True,False,public,5,1,0,False,Interfacer
106,\wallet\src\de\schildbach\wallet\ui\WalletTransactionsFragment.TransactionsLoader.java,TransactionsLoader,137,6,6,0,1,False,False,2,True,False,3,0,22,17,True,False,True,True,False,private,2,1,3,False,Service Provider
107,\wallet\src\de\schildbach\wallet\ui\send\DecodePrivateKeyTask.java,DecodePrivateKeyTask,57,2,1,0,0,False,False,4,False,False,0,2,4,4,False,False,False,True,False,public,1,0,0,True,Service Provider
108,\wallet\src\de\schildbach\wallet\ui\WalletTransactionsFragment.java,WalletTransactionsFragment,333,21,16,0,0,False,False,3,False,False,12,18,54,39,False,False,False,True,False,public,14,2,0,False,Interfacer
109,\wallet\src\de\schildbach\wallet\ui\send\FeeCategory.java,FeeCategory,35,3,0,0,0,False,False,2,False,False,0,0,0,0,False,False,False,False,True,public,0,0,0,False,Information Holder
110,\wallet\src\de\schildbach\wallet\ui\send\DeriveKeyTask.java,DeriveKeyTask,85,4,1,0,0,False,False,3,False,False,2,2,12,7,False,False,False,True,False,public,1,0,0,True,Service Provider
111,\wallet\src\de\schildbach\wallet\ui\send\MaintenanceDialogFragment.State.java,State,23,3,0,0,0,False,False,1,False,False,0,0,0,0,False,False,True,False,True,private,0,0,0,False,Information Holder
112,\wallet\src\de\schildbach\wallet\ui\send\RaiseFeeDialogFragment.State.java,State,23,3,0,0,0,False,False,1,False,False,0,0,0,0,False,False,True,False,True,private,0,0,0,False,Information Holder
113,\wallet\src\de\schildbach\wallet\ui\send\MaintenanceDialogFragment.java,MaintenanceDialogFragment,266,15,13,0,0,False,False,3,False,False,5,6,39,28,False,False,False,True,False,public,7,6,0,False,Interfacer
114,\wallet\src\de\schildbach\wallet\ui\send\RequestPaymentRequestTask.BluetoothRequestTask.java,BluetoothRequestTask,111,1,1,0,0,False,False,3,False,False,4,1,14,12,True,False,True,True,False,public,1,0,0,False,Interfacer
115,\wallet\src\de\schildbach\wallet\ui\send\RaiseFeeDialogFragment.java,RaiseFeeDialogFragment,292,22,13,0,0,False,False,4,False,False,9,13,45,28,False,False,False,True,False,public,7,6,0,False,Interfacer
116,\wallet\src\de\schildbach\wallet\ui\send\RequestPaymentRequestTask.HttpRequestTask.java,HttpRequestTask,85,1,1,0,0,False,False,3,False,False,2,1,13,12,True,False,True,True,False,public,1,0,0,False,Service Provider
117,\wallet\src\de\schildbach\wallet\ui\send\RequestPaymentRequestTask.ResultCallback.java,ResultCallback,25,0,0,0,0,False,False,2,False,False,0,0,1,0,False,True,True,False,False,public,0,0,0,False,Service Provider
118,\wallet\src\de\schildbach\wallet\ui\send\RequestPaymentRequestTask.java,RequestPaymentRequestTask,53,4,2,0,0,False,False,4,False,False,0,3,5,3,False,False,False,True,False,public,0,0,2,True,Service Provider
119,\wallet\src\de\schildbach\wallet\ui\send\RequestWalletBalanceTask.FakeTransaction.java,FakeTransaction,34,1,1,0,1,False,False,2,False,False,0,0,3,0,True,False,True,True,False,private,1,0,0,False,Information Holder
120,\wallet\src\de\schildbach\wallet\ui\send\RequestWalletBalanceTask.ResultCallback.java,ResultCallback,26,0,0,0,0,False,False,2,False,False,0,0,2,0,False,True,True,False,False,public,0,0,0,False,Service Provider
121,\wallet\src\de\schildbach\wallet\ui\send\RequestWalletBalanceTask.java,RequestWalletBalanceTask,166,5,3,0,0,False,False,4,False,False,6,4,28,27,False,False,False,True,False,public,1,0,2,False,Interfacer
122,\wallet\src\de\schildbach\wallet\ui\send\SendCoinsActivity.java,SendCoinsActivity,77,2,6,0,0,False,False,3,False,False,3,13,12,2,False,False,False,True,False,public,5,0,1,False,Coordinator
123,\wallet\src\de\schildbach\wallet\ui\send\SendCoinsFragment.ReceivingAddressListener.java,ReceivingAddressListener,72,0,5,0,0,False,False,3,True,False,3,15,11,4,False,False,True,True,False,private,5,0,0,False,Service Provider
124,\wallet\src\de\schildbach\wallet\ui\send\SendCoinsFragment.ReceivingAddressLoaderCallbacks.java,ReceivingAddressLoaderCallbacks,82,4,4,0,0,False,False,4,False,False,5,5,12,2,True,False,True,True,False,private,3,1,0,False,Service Provider
125,\wallet\src\de\schildbach\wallet\ui\send\SendCoinsFragment.ReceivingAddressNameLoader.java,ReceivingAddressNameLoader,89,1,3,0,0,False,False,4,True,False,3,0,18,8,True,False,True,True,False,private,1,1,1,False,Service Provider
126,\wallet\src\de\schildbach\wallet\ui\send\SendCoinsFragment.ReceivingAddressViewAdapter.java,ReceivingAddressViewAdapter,56,0,3,0,0,False,False,4,True,False,0,7,11,0,False,False,True,True,False,private,3,0,0,False,Service Provider
127,\wallet\src\de\schildbach\wallet\ui\send\SendCoinsFragment.State.java,State,25,7,0,0,0,False,False,1,False,False,0,0,0,0,False,False,True,False,True,private,0,0,0,False,Information Holder
128,\wallet\src\de\schildbach\wallet\ui\send\SendCoinsOfflineTask.java,SendCoinsOfflineTask,119,4,2,0,0,False,False,4,False,False,2,1,14,15,False,False,False,True,False,public,1,0,1,True,Service Provider
129,\wallet\src\de\schildbach\wallet\ui\send\SweepWalletActivity.java,SweepWalletActivity,53,1,4,0,0,False,False,3,False,False,1,5,7,1,False,False,False,True,False,public,4,0,0,False,Service Provider
130,\wallet\src\de\schildbach\wallet\ui\send\SweepWalletFragment.State.java,State,25,6,0,0,0,False,False,1,False,False,0,0,0,0,False,False,True,False,True,private,0,0,0,False,Information Holder
131,\wallet\src\de\schildbach\wallet\ui\preference\AboutFragment.java,AboutFragment,61,6,2,0,0,False,False,2,False,False,1,2,11,5,False,False,False,True,False,public,2,0,0,False,Coordinator
132,\wallet\src\de\schildbach\wallet\ui\preference\DiagnosticsFragment.java,DiagnosticsFragment,123,6,6,0,0,False,False,2,False,False,1,4,18,12,False,False,False,True,False,public,3,3,0,False,Interfacer
133,\wallet\src\de\schildbach\wallet\ui\preference\ExtendedPublicKeyFragment.java,ExtendedPublicKeyFragment,82,4,4,0,0,False,False,4,False,False,0,5,17,4,False,False,False,True,False,public,3,1,0,False,Interfacer
134,\wallet\src\de\schildbach\wallet\ui\preference\PreferenceActivity.java,PreferenceActivity,44,0,3,0,0,False,False,2,False,False,1,3,3,4,False,False,False,True,False,public,2,0,1,False,Service Provider
135,\wallet\src\de\schildbach\wallet\ui\send\SweepWalletFragment.java,SweepWalletFragment,531,33,21,1,0,False,False,3,False,False,26,16,64,49,False,False,False,True,False,public,10,11,0,False,Interfacer
136,\wallet\src\de\schildbach\wallet\ui\preference\ResolveDnsTask.java,ResolveDnsTask,57,2,1,0,0,False,False,3,False,False,0,1,4,4,False,False,False,True,False,public,1,0,0,True,Service Provider
137,\wallet\src\de\schildbach\wallet\ui\send\SendCoinsFragment.java,SendCoinsFragment,1126,59,36,1,0,False,False,3,False,False,69,28,94,161,False,False,False,True,False,public,13,23,0,False,Interfacer
138,\wallet\src\de\schildbach\wallet\ui\preference\SettingsFragment.java,SettingsFragment,125,11,5,0,0,False,False,2,False,False,2,4,17,14,False,False,False,True,False,public,4,1,0,False,Interfacer
139,\wallet\src\de\schildbach\wallet\service\BlockchainService.java,BlockchainService,41,7,0,0,0,False,False,2,False,False,0,0,4,5,False,True,False,False,False,public,0,0,0,False,Information Holder
140,\wallet\src\de\schildbach\wallet\service\BlockchainServiceImpl.ActivityHistoryEntry.java,ActivityHistoryEntry,32,2,1,0,0,False,False,3,False,False,0,0,0,0,True,False,True,True,False,private,1,0,0,False,Information Holder
141,\wallet\src\de\schildbach\wallet\service\BlockchainServiceImpl.LocalBinder.java,LocalBinder,26,0,1,0,1,False,False,2,True,False,0,0,1,0,False,False,True,True,False,public,1,0,0,False,Information Holder
142,\wallet\src\de\schildbach\wallet\service\BlockchainServiceImpl.PeerConnectivityListener.java,PeerConnectivityListener,86,2,5,0,0,False,False,3,True,False,3,7,13,5,False,False,True,True,False,private,4,1,0,False,Service Provider
143,\wallet\src\de\schildbach\wallet\service\BlockchainState.Impediment.java,Impediment,23,2,0,0,0,False,False,1,False,False,0,0,0,0,False,False,True,False,True,public,0,0,0,False,Information Holder
144,\wallet\src\de\schildbach\wallet\service\BlockchainState.java,BlockchainState,55,8,2,0,0,False,False,2,False,False,0,2,4,0,False,False,False,True,False,public,2,0,0,False,Information Holder
145,\wallet\src\de\schildbach\wallet\service\BlockchainStateLoader.java,BlockchainStateLoader,82,5,3,0,0,False,False,3,True,False,0,0,12,6,False,False,False,True,False,public,1,0,2,False,Service Provider
146,\wallet\src\de\schildbach\wallet\service\BootstrapReceiver.java,BootstrapReceiver,51,1,1,0,0,False,False,2,True,False,3,2,9,5,False,False,False,True,False,public,1,0,0,False,Service Provider
147,\wallet\src\de\schildbach\wallet\service\BlockchainServiceImpl.java,BlockchainServiceImpl,552,31,12,0,3,False,False,3,False,False,34,10,70,102,False,False,False,True,False,public,9,3,0,False,Interfacer
148,\wallet\src\de\schildbach\wallet\service\InactivityNotificationService.java,InactivityNotificationService,136,8,7,0,0,False,False,3,False,False,5,2,19,18,False,False,False,True,False,public,2,4,1,False,Interfacer
149,\wallet\src\de\schildbach\wallet\service\UpgradeWalletService.java,UpgradeWalletService,71,2,4,0,0,False,False,3,False,False,1,3,8,4,False,False,False,True,False,public,2,1,1,False,Coordinator
150,\wallet\src\de\schildbach\wallet\offline\AcceptBluetoothService.java,AcceptBluetoothService,142,11,5,0,0,False,False,3,False,False,2,5,21,20,False,False,False,True,False,public,4,1,0,False,Interfacer
151,\wallet\src\de\schildbach\wallet\offline\AcceptBluetoothThread.ClassicBluetoothThread.java,ClassicBluetoothThread,92,0,1,0,0,False,False,3,False,False,4,0,9,9,True,False,True,True,False,public,1,0,0,True,Service Provider
152,\wallet\src\de\schildbach\wallet\offline\AcceptBluetoothThread.PaymentProtocolThread.java,PaymentProtocolThread,90,0,1,0,0,False,False,3,False,False,4,0,11,7,True,False,True,True,False,public,1,0,0,True,Service Provider
153,\wallet\src\de\schildbach\wallet\offline\AcceptBluetoothThread.java,AcceptBluetoothThread,44,3,1,0,0,False,False,3,False,False,0,0,6,1,False,False,False,True,False,public,1,0,0,True,Coordinator
154,\wallet\src\de\schildbach\wallet\offline\DirectPaymentTask.BluetoothPaymentTask.java,BluetoothPaymentTask,98,2,1,0,0,False,False,3,False,False,4,1,12,11,True,False,True,True,False,public,1,0,0,False,Service Provider
155,\wallet\src\de\schildbach\wallet\offline\DirectPaymentTask.HttpPaymentTask.java,HttpPaymentTask,97,2,1,0,0,False,False,3,False,False,2,1,16,15,True,False,True,True,False,public,1,0,0,False,Service Provider
156,\wallet\src\de\schildbach\wallet\offline\DirectPaymentTask.ResultCallback.java,ResultCallback,24,0,0,0,0,False,False,2,False,False,0,0,0,0,False,True,True,False,False,public,0,0,0,False,Service Provider
157,\wallet\src\de\schildbach\wallet\offline\DirectPaymentTask.java,DirectPaymentTask,53,4,2,0,0,False,False,3,False,False,0,3,5,3,False,False,False,True,False,public,0,0,2,True,Service Provider
158,\wallet\src\de\schildbach\wallet\data\AddressBookProvider.Helper.java,Helper,56,3,3,0,0,True,False,1,True,False,1,6,3,3,True,False,True,True,False,private,2,1,0,False,Service Provider
159,\wallet\src\de\schildbach\wallet\data\AddressBookProvider.java,AddressBookProvider,136,8,9,0,1,True,False,3,True,False,10,20,7,33,False,False,False,True,False,public,8,1,0,False,Service Provider
160,\wallet\src\de\schildbach\wallet\data\ExchangeRate.java,ExchangeRate,37,2,2,0,1,False,False,2,False,False,0,0,1,1,False,False,False,True,False,public,2,0,0,False,Information Holder
161,\wallet\src\de\schildbach\wallet\data\DynamicFeeLoader.java,DynamicFeeLoader,175,4,4,0,0,False,False,3,True,False,10,5,32,29,False,False,False,True,False,public,1,2,1,False,Service Provider
162,\wallet\src\de\schildbach\wallet\data\ExchangeRatesLoader.java,ExchangeRatesLoader,54,1,4,0,0,False,False,3,True,False,1,2,5,4,False,False,False,True,False,public,1,1,2,False,Service Provider
163,\wallet\src\de\schildbach\wallet\data\PaymentIntent.Output.java,Output,95,3,5,0,0,False,False,1,False,False,1,3,8,12,True,False,True,True,False,public,5,0,0,False,Coordinator
164,\wallet\src\de\schildbach\wallet\data\PaymentIntent.Standard.java,Standard,23,2,0,0,0,False,False,1,False,False,0,0,0,0,False,False,True,False,True,public,0,0,0,False,Information Holder
165,\wallet\src\de\schildbach\wallet\data\ExchangeRatesProvider.java,ExchangeRatesProvider,228,14,12,0,2,False,False,3,True,False,15,21,30,32,False,False,False,True,False,public,8,4,0,False,Service Provider
166,\wallet\src\de\schildbach\wallet\data\PaymentIntent.java,PaymentIntent,345,12,31,0,2,False,False,2,False,False,26,18,20,27,False,False,False,True,False,public,29,2,0,False,Structurer
167,\wallet\src\de\schildbach\wallet\camera\CameraManager.java,CameraManager,255,11,15,3,5,False,False,2,True,False,20,17,16,25,False,False,False,True,False,public,9,6,0,False,Information Holder
168,\sample-integration-android\src\de\schildbach\wallet\integration\sample\SampleActivity.java,SampleActivity,124,7,5,0,0,False,False,2,False,False,4,4,19,18,False,False,False,True,False,public,0,3,2,False,Interfacer
169,\integration-android\src\de\schildbach\wallet\integration\android\BitcoinIntegration.java,BitcoinIntegration,241,5,16,0,0,False,False,2,False,False,5,33,6,11,False,False,False,True,False,public,11,5,0,False,Controller
